,unaligned,aligned_unmapped,mapped_to_exon,mapped_to_intron,ambiguous_mapping,mapped_to_ERCC,mapped_to_MT,number_of_genes,total_count_per_cell,non_ERCC_percent,non_mt_percent,non_ribo_percent,outliers,H1975,H2228,HCC827,poor_quality,traj,group,H2228_to_H1975,H2228_to_HCC827,H1975_to_HCC827,cell,celltype,celltype_c,celltype_f
H1975_H2228_HCC827.0_0_9.2,105232,9057,178046,44986,4706,96,10063,5525,25196,0.999404667010873,0.863232258746137,0.848070785810928,FALSE,0,0,9,NO,YES,0_0_9,NA,6,6,H1975_H2228_HCC827.0_0_9.2,2,HCC827,HCC827
H1975_H2228_HCC827.0_0_9.3,110702,12235,183190,46717,5805,73,23594,5646,26374,0.999355425419218,0.846932584800587,0.857397111777845,FALSE,0,0,9,NO,YES,0_0_9,NA,6,6,H1975_H2228_HCC827.0_0_9.3,2,HCC827,HCC827
H1975_H2228_HCC827.0_0_9.4,90472,9346,130297,45423,3980,155,15229,4628,18716,0.999412267044554,0.843502884781202,0.857608005125024,FALSE,0,0,9,NO,YES,0_0_9,NA,6,6,H1975_H2228_HCC827.0_0_9.4,2,HCC827,HCC827
H1975_H2228_HCC827.0_0_9.5,61628,4796,114757,20680,3880,80,7036,3922,15239,0.998950061684526,0.856158540024832,0.849989599061881,FALSE,0,0,9,NO,YES,0_0_9,NA,6,6,H1975_H2228_HCC827.0_0_9.5,2,HCC827,HCC827
H1975_H2228_HCC827.0_0_9.6,85713,8152,135481,38580,4902,81,11718,4654,18803,0.999042705419857,0.864861989648002,0.851672152490479,FALSE,0,0,9,NO,YES,0_0_9,NA,6,6,H1975_H2228_HCC827.0_0_9.6,2,HCC827,HCC827
H1975_H2228_HCC827.0_0_9.7,100476,10571,150357,48260,4424,140,25471,4813,19642,0.998829039304129,0.848895224086704,0.869310218251594,FALSE,0,0,9,NO,YES,0_0_9,NA,6,6,H1975_H2228_HCC827.0_0_9.7,2,HCC827,HCC827
H1975_H2228_HCC827.0_0_9.8,67439,4748,59283,17746,1585,54,3889,3172,10426,0.998177631883582,0.85286782960592,0.84557755076007,FALSE,0,0,9,NO,YES,0_0_9,NA,6,6,H1975_H2228_HCC827.0_0_9.8,2,HCC827,HCC827
H1975_H2228_HCC827.0_0_9.9,76563,7975,113984,35202,3482,61,13454,3988,15505,0.998968074170288,0.858561753719083,0.845210677065026,FALSE,0,0,9,NO,YES,0_0_9,NA,6,6,H1975_H2228_HCC827.0_0_9.9,2,HCC827,HCC827
H1975_H2228_HCC827.0_0_9.10,75189,6110,128835,24471,3486,109,13443,4419,18632,0.999033919601205,0.841294546564355,0.845587781457825,FALSE,0,0,9,NO,YES,0_0_9,NA,6,6,H1975_H2228_HCC827.0_0_9.10,2,HCC827,HCC827
H1975_H2228_HCC827.0_0_9.12,107814,9984,181180,51480,5285,145,12688,5450,24415,0.998607413066309,0.861847224713558,0.854310524550266,FALSE,0,0,9,NO,YES,0_0_9,NA,6,6,H1975_H2228_HCC827.0_0_9.12,2,HCC827,HCC827
H1975_H2228_HCC827.0_0_9.13,81881,7600,133871,39655,3759,69,15192,4407,17799,0.998932523737888,0.84768807188736,0.859092724820088,FALSE,0,0,9,NO,YES,0_0_9,NA,6,6,H1975_H2228_HCC827.0_0_9.13,2,HCC827,HCC827
H1975_H2228_HCC827.0_0_9.14,95486,9532,139822,50470,3330,227,18745,4483,18061,0.998283593932626,0.848236531283851,0.863296127957407,FALSE,0,0,9,NO,YES,0_0_9,NA,6,6,H1975_H2228_HCC827.0_0_9.14,2,HCC827,HCC827
H1975_H2228_HCC827.0_0_9.15,110542,12239,171323,57975,4795,93,23350,5307,24102,0.999211683263127,0.845655961809951,0.868226342948161,FALSE,0,0,9,NO,YES,0_0_9,NA,6,6,H1975_H2228_HCC827.0_0_9.15,2,HCC827,HCC827
H1975_H2228_HCC827.0_0_9.16,87941,7024,130229,31301,3928,114,7641,4788,19054,0.999317728036466,0.863493229314846,0.85693247773041,FALSE,0,0,9,NO,YES,0_0_9,NA,6,6,H1975_H2228_HCC827.0_0_9.16,2,HCC827,HCC827
H1975_H2228_HCC827.0_0_9.17,84831,7627,135487,34298,4539,115,3038,4775,18697,0.998823340108668,0.873562603159029,0.859656169622844,FALSE,0,0,9,NO,YES,0_0_9,NA,6,6,H1975_H2228_HCC827.0_0_9.17,2,HCC827,HCC827
H1975_H2228_HCC827.0_0_9.18,42360,3929,74919,18697,2710,115,1620,3206,11038,0.998278672768365,0.872621850994182,0.83556728069643,FALSE,0,0,9,NO,YES,0_0_9,NA,6,6,H1975_H2228_HCC827.0_0_9.18,2,HCC827,HCC827
H1975_H2228_HCC827.0_0_9.19,38172,4702,47831,13134,1394,118,8700,2304,6854,0.99591479282767,0.851035890208585,0.850742849806172,FALSE,0,0,9,NO,YES,0_0_9,NA,6,6,H1975_H2228_HCC827.0_0_9.19,2,HCC827,HCC827
H1975_H2228_HCC827.0_0_9.20,49563,2894,73062,11412,3146,84,6025,3326,11418,0.998160797864634,0.854878261644002,0.845068448880322,FALSE,0,0,9,NO,YES,0_0_9,NA,6,6,H1975_H2228_HCC827.0_0_9.20,2,HCC827,HCC827
H1975_H2228_HCC827.0_9_0.56,33073,3679,45101,16055,826,75,5568,2337,6421,0.997663913724242,0.828998597058093,0.864350001012302,FALSE,0,9,0,NO,YES,0_9_0,0,0,NA,H1975_H2228_HCC827.0_9_0.56,0,H2228,H2228
H1975_H2228_HCC827.0_9_0.57,38762,3667,55455,19404,1417,61,2678,3085,9185,0.998584647796859,0.860860097048601,0.876863498243333,FALSE,0,9,0,NO,YES,0_9_0,0,0,NA,H1975_H2228_HCC827.0_9_0.57,0,H2228,H2228
H1975_H2228_HCC827.0_9_0.58,303317,40920,133768,407121,2728,67,7375,5454,18155,0.999228862021906,0.873643623864696,0.914898972790431,FALSE,0,9,0,NO,YES,0_9_0,0,0,NA,H1975_H2228_HCC827.0_9_0.58,0,H2228,H2228
H1975_H2228_HCC827.0_9_0.59,68486,6225,90960,35361,2801,151,6354,3886,13321,0.998423541026632,0.853764731736533,0.863523111235559,FALSE,0,9,0,NO,YES,0_9_0,0,0,NA,H1975_H2228_HCC827.0_9_0.59,0,H2228,H2228
H1975_H2228_HCC827.0_9_0.60,37595,3170,43965,14988,1815,64,5908,2217,6358,0.997955330295761,0.839572191192872,0.855141781783923,FALSE,0,9,0,NO,YES,0_9_0,0,0,NA,H1975_H2228_HCC827.0_9_0.60,0,H2228,H2228
H1975_H2228_HCC827.0_9_0.61,27923,2831,38899,13301,837,54,3175,2078,5653,0.997700334339819,0.852644611971264,0.863610713584444,FALSE,0,9,0,NO,YES,0_9_0,0,0,NA,H1975_H2228_HCC827.0_9_0.61,0,H2228,H2228
H1975_H2228_HCC827.1_1_7.62,164702,19463,212786,102214,6168,26,21918,6175,28350,0.999717812698512,0.855167548199235,0.867089641238222,FALSE,1,1,7,NO,YES,1_1_7,NA,5,5,H1975_H2228_HCC827.1_1_7.62,2,HCC827,HCC827
H1975_H2228_HCC827.0_9_0.63,52308,4766,72135,22178,1982,43,7976,3195,10434,0.999329115392631,0.840521371630706,0.865630759410811,FALSE,0,9,0,NO,YES,0_9_0,0,0,NA,H1975_H2228_HCC827.0_9_0.63,0,H2228,H2228
H1975_H2228_HCC827.0_9_0.64,40941,4110,57123,23618,2069,76,1969,2994,8864,0.997856497069205,0.865861912380571,0.863040542598666,FALSE,0,9,0,NO,YES,0_9_0,0,0,NA,H1975_H2228_HCC827.0_9_0.64,0,H2228,H2228
H1975_H2228_HCC827.0_9_0.65,57100,5763,77401,24994,2317,73,4331,3720,12522,0.998722248044464,0.852339881127344,0.857530061068471,FALSE,0,9,0,NO,YES,0_9_0,0,0,NA,H1975_H2228_HCC827.0_9_0.65,0,H2228,H2228
H1975_H2228_HCC827.0_9_0.66,23104,2054,31707,11339,1029,54,961,1788,4632,0.998920550520465,0.859455956693748,0.839376426216696,FALSE,0,9,0,NO,YES,0_9_0,0,0,NA,H1975_H2228_HCC827.0_9_0.66,0,H2228,H2228
H1975_H2228_HCC827.1_1_7.67,178688,19205,231396,109080,6134,29,12087,6512,30873,0.999708482816795,0.864347487816426,0.874874202418229,FALSE,1,1,7,NO,YES,1_1_7,NA,5,5,H1975_H2228_HCC827.1_1_7.67,2,HCC827,HCC827
H1975_H2228_HCC827.1_1_7.68,82540,8291,133080,30824,3674,121,9976,4527,17120,0.998948597547343,0.856133177070016,0.863726131001092,FALSE,1,1,7,NO,YES,1_1_7,NA,5,5,H1975_H2228_HCC827.1_1_7.68,2,HCC827,HCC827
H1975_H2228_HCC827.1_1_7.69,167570,17667,229429,112368,5776,303,40910,6174,29007,0.998724445479117,0.850932533233036,0.888164619517834,FALSE,1,1,7,NO,YES,1_1_7,NA,5,5,H1975_H2228_HCC827.1_1_7.69,2,HCC827,HCC827
H1975_H2228_HCC827.1_1_7.70,86141,7448,118263,34419,3229,89,22673,4390,16675,0.99844077901143,0.837361318838164,0.863567698010376,FALSE,1,1,7,NO,YES,1_1_7,NA,5,5,H1975_H2228_HCC827.1_1_7.70,2,HCC827,HCC827
H1975_H2228_HCC827.1_1_7.71,128086,12037,196655,48481,5118,22,47004,5179,23935,0.999665761019567,0.821767286057336,0.867306928219374,FALSE,1,1,7,NO,YES,1_1_7,NA,5,5,H1975_H2228_HCC827.1_1_7.71,2,HCC827,HCC827
H1975_H2228_HCC827.1_7_1.74,26652,1927,35010,12117,867,104,3228,2263,5813,0.996387405820768,0.845346635394209,0.860311611368293,FALSE,1,7,1,NO,YES,1_7_1,1,1,NA,H1975_H2228_HCC827.1_7_1.74,0,H2228,H2228
H1975_H2228_HCC827.1_7_1.75,31623,3150,31439,14186,789,32,7262,1880,4767,0.998741344663853,0.817914829414905,0.884621597185657,FALSE,1,7,1,NO,YES,1_7_1,1,1,NA,H1975_H2228_HCC827.1_7_1.75,0,H2228,H2228
H1975_H2228_HCC827.1_7_1.76,49709,5458,44496,43317,1555,104,7579,2662,6964,0.997128085874314,0.833141871290721,0.890722442960306,FALSE,1,7,1,NO,YES,1_7_1,1,1,NA,H1975_H2228_HCC827.1_7_1.76,0,H2228,H2228
H1975_H2228_HCC827.1_1_7.77,67280,5743,97551,32845,2712,156,14391,3889,14236,0.997681932426467,0.841388029754574,0.845742592201045,FALSE,1,1,7,NO,YES,1_1_7,NA,5,5,H1975_H2228_HCC827.1_1_7.77,2,HCC827,HCC827
H1975_H2228_HCC827.1_1_7.78,86484,9268,120497,43138,3744,73,13003,4422,16697,0.999041743427537,0.851649996495388,0.86003422169598,FALSE,1,1,7,NO,YES,1_1_7,NA,5,5,H1975_H2228_HCC827.1_1_7.78,2,HCC827,HCC827
H1975_H2228_HCC827.1_1_7.79,75309,6882,114170,35353,3841,75,22748,3997,15742,0.999237707407421,0.837314190803383,0.851860721724862,FALSE,1,1,7,NO,YES,1_1_7,NA,5,5,H1975_H2228_HCC827.1_1_7.79,2,HCC827,HCC827
H1975_H2228_HCC827.1_1_7.80,31875,2732,38762,18565,1187,86,4123,2384,6171,0.99740722573747,0.844271591566567,0.861123219699855,FALSE,1,1,7,NO,YES,1_1_7,NA,5,5,H1975_H2228_HCC827.1_1_7.80,2,HCC827,HCC827
H1975_H2228_HCC827.1_1_7.81,62948,6120,92625,27578,2935,93,9451,3763,13129,0.998552821236535,0.857491049693434,0.845303644372272,FALSE,1,1,7,NO,YES,1_1_7,NA,5,5,H1975_H2228_HCC827.1_1_7.81,2,HCC827,HCC827
H1975_H2228_HCC827.1_1_7.82,331431,30072,512238,146809,16333,160,48655,9048,65749,0.999589347214469,0.86080396646933,0.865442688794858,FALSE,1,1,7,NO,YES,1_1_7,NA,5,5,H1975_H2228_HCC827.1_1_7.82,2,HCC827,HCC827
H1975_H2228_HCC827.1_1_7.83,86932,7090,142357,34883,4657,65,16596,4724,19541,0.999232382682958,0.856199784629139,0.849341973623677,FALSE,1,1,7,NO,YES,1_1_7,NA,5,5,H1975_H2228_HCC827.1_1_7.83,2,HCC827,HCC827
H1975_H2228_HCC827.1_1_7.84,151298,14585,230870,68539,7243,87,16113,6388,32591,0.99941701666122,0.850971126737145,0.859408775610207,FALSE,1,1,7,NO,YES,1_1_7,NA,5,5,H1975_H2228_HCC827.1_1_7.84,2,HCC827,HCC827
H1975_H2228_HCC827.1_7_1.85,35113,4892,47448,15760,1138,285,7177,2636,7286,0.994921766408287,0.833790830587715,0.867827521510401,FALSE,1,7,1,NO,YES,1_7_1,1,1,NA,H1975_H2228_HCC827.1_7_1.85,0,H2228,H2228
H1975_H2228_HCC827.1_1_7.86,16923,1446,22243,7534,604,37,5215,2000,5203,0.998462423604723,0.803382662303704,0.881028481590464,FALSE,1,1,7,NO,YES,1_1_7,NA,5,5,H1975_H2228_HCC827.1_1_7.86,2,HCC827,HCC827
H1975_H2228_HCC827.1_1_7.87,75207,6822,120307,40932,3422,67,7985,4379,16746,0.999104263108143,0.861459452489275,0.857637132666229,FALSE,1,1,7,NO,YES,1_1_7,NA,5,5,H1975_H2228_HCC827.1_1_7.87,2,HCC827,HCC827
H1975_H2228_HCC827.1_1_7.88,90502,8197,142231,45978,4106,103,5459,4949,20578,0.998979492176606,0.871416074996882,0.845028260750189,FALSE,1,1,7,NO,YES,1_1_7,NA,5,5,H1975_H2228_HCC827.1_1_7.88,2,HCC827,HCC827
H1975_H2228_HCC827.1_1_7.89,82032,7890,134905,36592,3966,158,9720,4728,19274,0.99844349849619,0.859032893608471,0.848033180433133,FALSE,1,1,7,NO,YES,1_1_7,NA,5,5,H1975_H2228_HCC827.1_1_7.89,2,HCC827,HCC827
H1975_H2228_HCC827.1_7_1.90,27352,2067,38975,11462,984,240,5525,2111,5542,0.995308551073063,0.838325512742105,0.857811516038405,FALSE,1,7,1,NO,YES,1_7_1,1,1,NA,H1975_H2228_HCC827.1_7_1.90,0,H2228,H2228
H1975_H2228_HCC827.1_7_1.91,38499,3753,45472,22052,1182,81,4830,2467,6553,0.998016174274354,0.84861895185622,0.86525123569169,FALSE,1,7,1,NO,YES,1_7_1,1,1,NA,H1975_H2228_HCC827.1_7_1.91,0,H2228,H2228
H1975_H2228_HCC827.1_7_1.92,63833,5695,84733,29189,2014,105,4374,3797,12471,0.998556650630618,0.866971372891531,0.870178117089153,FALSE,1,7,1,NO,YES,1_7_1,1,1,NA,H1975_H2228_HCC827.1_7_1.92,0,H2228,H2228
H1975_H2228_HCC827.1_7_1.93,44044,5050,59866,16986,1997,26,7197,2687,8297,0.999156320357772,0.847535252684663,0.855006803655775,FALSE,1,7,1,NO,YES,1_7_1,1,1,NA,H1975_H2228_HCC827.1_7_1.93,0,H2228,H2228
H1975_H2228_HCC827.1_7_1.94,106829,9667,132793,45104,4320,109,7476,5189,20478,0.998876842953962,0.861216915293868,0.871520230725544,FALSE,1,7,1,NO,YES,1_7_1,1,1,NA,H1975_H2228_HCC827.1_7_1.94,0,H2228,H2228
H1975_H2228_HCC827.2_2_5.95,43164,3304,68472,18599,1867,81,8385,2924,9274,0.998706058875667,0.834914814713268,0.860037890836866,FALSE,2,2,5,NO,YES,2_2_5,NA,4,4,H1975_H2228_HCC827.2_2_5.95,2,HCC827,HCC827
H1975_H2228_HCC827.1_7_1.101,19948,1713,32642,8485,1105,62,1959,2071,5135,0.997663094454405,0.854917232999188,0.85939462630063,FALSE,1,7,1,NO,YES,1_7_1,1,1,NA,H1975_H2228_HCC827.1_7_1.101,0,H2228,H2228
H1975_H2228_HCC827.1_7_1.102,59990,5754,99496,28925,2590,54,4994,4053,14188,0.999365660417701,0.861643641907497,0.847405661540977,FALSE,1,7,1,NO,YES,1_7_1,1,1,NA,H1975_H2228_HCC827.1_7_1.102,0,H2228,H2228
H1975_H2228_HCC827.1_7_1.103,38789,3729,49407,19533,1391,21,7034,2602,7238,0.999309200056218,0.831168830020491,0.871924741745314,FALSE,1,7,1,NO,YES,1_7_1,1,1,NA,H1975_H2228_HCC827.1_7_1.103,0,H2228,H2228
H1975_H2228_HCC827.1_7_1.104,31261,2234,43082,12726,1035,78,3573,2433,6834,0.997951417913445,0.846649106165278,0.849281754050696,FALSE,1,7,1,NO,YES,1_7_1,1,1,NA,H1975_H2228_HCC827.1_7_1.104,0,H2228,H2228
H1975_H2228_HCC827.2_2_5.105,66604,6039,99275,32617,2751,93,5260,3990,13832,0.998770965154156,0.861480624015702,0.854684170991779,FALSE,2,2,5,NO,YES,2_2_5,NA,4,4,H1975_H2228_HCC827.2_2_5.105,2,HCC827,HCC827
H1975_H2228_HCC827.1_7_1.106,37382,3514,57552,16984,2057,14,3798,2956,8413,0.999524544158416,0.851063828775628,0.869011210018769,FALSE,1,7,1,NO,YES,1_7_1,1,1,NA,H1975_H2228_HCC827.1_7_1.106,0,H2228,H2228
H1975_H2228_HCC827.1_7_1.107,46771,4105,62375,26324,2172,224,6139,3178,9924,0.997783150949433,0.845425230909487,0.86446910069619,FALSE,1,7,1,NO,YES,1_7_1,1,1,NA,H1975_H2228_HCC827.1_7_1.107,0,H2228,H2228
H1975_H2228_HCC827.1_7_1.108,26162,2193,32973,12878,959,26,7613,1756,4446,0.998650470088505,0.802294195226509,0.878315613325206,FALSE,1,7,1,NO,YES,1_7_1,1,1,NA,H1975_H2228_HCC827.1_7_1.108,0,H2228,H2228
H1975_H2228_HCC827.1_7_1.109,41787,3999,67679,19377,2241,66,3088,3177,9721,0.998456947846459,0.843123134612567,0.859581463243017,FALSE,1,7,1,NO,YES,1_7_1,1,1,NA,H1975_H2228_HCC827.1_7_1.109,0,H2228,H2228
H1975_H2228_HCC827.1_7_1.110,54513,4811,84887,22916,2915,68,9335,3695,12484,0.998157640981931,0.847084267184328,0.851649429950793,FALSE,1,7,1,NO,YES,1_7_1,1,1,NA,H1975_H2228_HCC827.1_7_1.110,0,H2228,H2228
H1975_H2228_HCC827.2_2_5.111,42263,3406,57131,22380,1670,41,9617,2525,7613,0.998292393276905,0.838040193303507,0.859318456169111,FALSE,2,2,5,NO,YES,2_2_5,NA,4,4,H1975_H2228_HCC827.2_2_5.111,2,HCC827,HCC827
H1975_H2228_HCC827.2_2_5.112,56866,5906,82586,28571,2639,100,4497,3513,11145,0.998833556752953,0.856886495417778,0.869896034189292,FALSE,2,2,5,NO,YES,2_2_5,NA,4,4,H1975_H2228_HCC827.2_2_5.112,2,HCC827,HCC827
H1975_H2228_HCC827.2_2_5.113,42162,3770,56842,22819,2242,109,2830,3225,9441,0.997669737318431,0.862938247152909,0.857217607014504,FALSE,2,2,5,NO,YES,2_2_5,NA,4,4,H1975_H2228_HCC827.2_2_5.113,2,HCC827,HCC827
H1975_H2228_HCC827.2_5_2.118,20839,1839,28687,8849,1145,81,2192,1855,4495,0.997107895445811,0.83426028735426,0.863624330090478,FALSE,2,5,2,NO,YES,2_5_2,2,2,NA,H1975_H2228_HCC827.2_5_2.118,0,H2228,H2228
H1975_H2228_HCC827.2_2_5.119,57511,5685,90126,24688,2410,154,4907,3872,13369,0.999027600419607,0.86289176388444,0.838581166443888,FALSE,2,2,5,NO,YES,2_2_5,NA,4,4,H1975_H2228_HCC827.2_2_5.119,2,HCC827,HCC827
H1975_H2228_HCC827.2_2_5.120,25714,2168,36876,13260,1031,35,2958,2276,6020,0.998671094686593,0.844186045109325,0.848171348552577,FALSE,2,2,5,NO,YES,2_2_5,NA,4,4,H1975_H2228_HCC827.2_2_5.120,2,HCC827,HCC827
H1975_H2228_HCC827.2_2_5.121,62114,5291,105325,24842,3399,64,7299,4180,15522,0.999162478418269,0.850985697171121,0.854528505006761,FALSE,2,2,5,NO,YES,2_2_5,NA,4,4,H1975_H2228_HCC827.2_2_5.121,2,HCC827,HCC827
H1975_H2228_HCC827.2_2_5.122,43175,4517,62748,18978,1696,111,9106,2930,9153,0.998361191960711,0.829564076445358,0.859717185931186,FALSE,2,2,5,NO,YES,2_2_5,NA,4,4,H1975_H2228_HCC827.2_2_5.122,2,HCC827,HCC827
H1975_H2228_HCC827.2_2_5.123,185677,17270,276861,76883,8634,79,31879,7262,37469,0.99975980116903,0.844057754185044,0.859697120366938,FALSE,2,2,5,NO,YES,2_2_5,NA,4,4,H1975_H2228_HCC827.2_2_5.123,2,HCC827,HCC827
H1975_H2228_HCC827.2_2_5.124,44426,3749,72522,17725,1540,9,8489,3329,10590,0.999716712937,0.848914069075624,0.869120992331452,FALSE,2,2,5,NO,YES,2_2_5,NA,4,4,H1975_H2228_HCC827.2_2_5.124,2,HCC827,HCC827
H1975_H2228_HCC827.2_2_5.125,43412,3283,70189,12378,1726,202,11436,3057,10161,0.998031688812094,0.827674440677419,0.843026431427584,FALSE,2,2,5,NO,YES,2_2_5,NA,4,4,H1975_H2228_HCC827.2_2_5.125,2,HCC827,HCC827
H1975_H2228_HCC827.2_2_5.126,29684,2741,54235,12935,1627,52,3544,2658,7813,0.998464097019757,0.853065402722302,0.832329665519435,FALSE,2,2,5,NO,YES,2_2_5,NA,4,4,H1975_H2228_HCC827.2_2_5.126,2,HCC827,HCC827
H1975_H2228_HCC827.2_2_5.127,191172,15924,300453,76974,8239,88,38294,7057,39588,0.999595836869861,0.846519147002496,0.858492255609716,FALSE,2,2,5,NO,YES,2_2_5,NA,4,4,H1975_H2228_HCC827.2_2_5.127,2,HCC827,HCC827
H1975_H2228_HCC827.2_2_5.128,63162,5299,109674,19532,3100,92,6249,4475,16660,0.999519807323217,0.853901560111704,0.855161551523679,FALSE,2,2,5,NO,YES,2_2_5,NA,4,4,H1975_H2228_HCC827.2_2_5.128,2,HCC827,HCC827
H1975_H2228_HCC827.2_5_2.129,24066,2110,30855,11346,1039,97,3833,2164,5789,0.996890652967886,0.830540679166452,0.848849803334249,FALSE,2,5,2,NO,YES,2_5_2,2,2,NA,H1975_H2228_HCC827.2_5_2.129,0,H2228,H2228
H1975_H2228_HCC827.2_2_5.130,57956,5040,99632,22042,3878,119,14627,3881,14282,0.999159780843607,0.842529056965041,0.840357904804716,FALSE,2,2,5,NO,YES,2_2_5,NA,4,4,H1975_H2228_HCC827.2_2_5.130,2,HCC827,HCC827
H1975_H2228_HCC827.2_2_5.131,65921,6711,89593,33777,2275,68,17521,3598,12432,0.999356498552641,0.824163448500512,0.85287897934445,FALSE,2,2,5,NO,YES,2_2_5,NA,4,4,H1975_H2228_HCC827.2_2_5.131,2,HCC827,HCC827
H1975_H2228_HCC827.2_2_5.132,41659,3556,67512,18693,2108,218,8780,3072,9709,0.995571118554361,0.838191367969728,0.855700014728587,FALSE,2,2,5,NO,YES,2_2_5,NA,4,4,H1975_H2228_HCC827.2_2_5.132,2,HCC827,HCC827
H1975_H2228_HCC827.2_2_5.133,56952,5233,94471,23527,3074,19,16387,3615,12860,0.999300154743935,0.819129081789169,0.851943349966291,FALSE,2,2,5,NO,YES,2_2_5,NA,4,4,H1975_H2228_HCC827.2_2_5.133,2,HCC827,HCC827
H1975_H2228_HCC827.2_2_5.134,49541,4807,86592,16440,2974,52,10150,3498,12135,0.9985990927082,0.84400494368026,0.849031026756467,FALSE,2,2,5,NO,YES,2_2_5,NA,4,4,H1975_H2228_HCC827.2_2_5.134,2,HCC827,HCC827
H1975_H2228_HCC827.2_5_2.135,24628,2757,34616,11985,1173,26,3715,2103,5363,0.998508295732783,0.839641989857091,0.863880544694118,FALSE,2,5,2,NO,YES,2_5_2,2,2,NA,H1975_H2228_HCC827.2_5_2.135,0,H2228,H2228
H1975_H2228_HCC827.2_5_2.136,76072,13777,104779,48242,3242,68,5844,4666,16616,0.998555608450556,0.846714010082623,0.86711551088378,FALSE,2,5,2,NO,YES,2_5_2,2,2,NA,H1975_H2228_HCC827.2_5_2.136,0,H2228,H2228
H1975_H2228_HCC827.2_5_2.137,39164,3637,52678,18457,1571,136,6195,2755,7794,0.997433922251175,0.84565049929991,0.850653258078961,FALSE,2,5,2,NO,YES,2_5_2,2,2,NA,H1975_H2228_HCC827.2_5_2.137,0,H2228,H2228
H1975_H2228_HCC827.2_5_2.138,35638,3416,49486,15112,1295,123,5588,2901,8141,0.996683452896839,0.840314456651131,0.871513485427484,FALSE,2,5,2,NO,YES,2_5_2,2,2,NA,H1975_H2228_HCC827.2_5_2.138,0,H2228,H2228
H1975_H2228_HCC827.2_5_2.139,31046,2116,45513,13378,1176,48,16233,2101,6230,0.998234348317441,0.786035311739911,0.873353333301231,FALSE,2,5,2,NO,YES,2_5_2,2,2,NA,H1975_H2228_HCC827.2_5_2.139,0,H2228,H2228
H1975_H2228_HCC827.2_5_2.140,151687,14201,193565,61584,5958,29,23883,5950,28440,0.999789029184322,0.849894514469095,0.853199418706252,FALSE,2,5,2,NO,YES,2_5_2,2,2,NA,H1975_H2228_HCC827.2_5_2.140,0,H2228,H2228
H1975_H2228_HCC827.2_5_2.145,40033,3788,57922,17414,2038,69,4335,2952,8954,0.997654678358661,0.855818627590107,0.834263084361085,FALSE,2,5,2,NO,YES,2_5_2,2,2,NA,H1975_H2228_HCC827.2_5_2.145,0,H2228,H2228
H1975_H2228_HCC827.2_5_2.146,40996,3057,61362,15555,1412,65,10914,2875,8307,0.999157335982717,0.837486456196598,0.870710400011557,FALSE,2,5,2,NO,YES,2_5_2,2,2,NA,H1975_H2228_HCC827.2_5_2.146,0,H2228,H2228
H1975_H2228_HCC827.2_5_2.147,31843,2983,43058,13942,1150,51,7282,2322,6539,0.998317784067414,0.823673343288464,0.853187256174864,FALSE,2,5,2,NO,YES,2_5_2,2,2,NA,H1975_H2228_HCC827.2_5_2.147,0,H2228,H2228
H1975_H2228_HCC827.2_5_2.148,24785,2309,39693,10025,1022,48,5455,2093,5730,0.998603837698772,0.843280975840696,0.86422187744873,FALSE,2,5,2,NO,YES,2_5_2,2,2,NA,H1975_H2228_HCC827.2_5_2.148,0,H2228,H2228
H1975_H2228_HCC827.2_5_2.149,52600,5608,58946,25871,1513,156,9178,3167,9547,0.996962395520098,0.826961348248705,0.863097451453387,FALSE,2,5,2,NO,YES,2_5_2,2,2,NA,H1975_H2228_HCC827.2_5_2.149,0,H2228,H2228
H1975_H2228_HCC827.2_5_2.150,26042,2170,39561,10433,1201,23,2333,2505,6904,0.998841250001678,0.850376592047543,0.844147097121818,FALSE,2,5,2,NO,YES,2_5_2,2,2,NA,H1975_H2228_HCC827.2_5_2.150,0,H2228,H2228
H1975_H2228_HCC827.2_5_2.151,50686,4804,64314,20736,1870,18,9061,4132,13715,0.999562522056462,0.826102806543126,0.873058058287963,FALSE,2,5,2,NO,YES,2_5_2,2,2,NA,H1975_H2228_HCC827.2_5_2.151,0,H2228,H2228
H1975_H2228_HCC827.2_5_2.152,64335,6270,105351,35610,3561,75,5733,4523,16240,0.999014777709966,0.860160097992512,0.852831987172422,FALSE,2,5,2,NO,YES,2_5_2,2,2,NA,H1975_H2228_HCC827.2_5_2.152,0,H2228,H2228
H1975_H2228_HCC827.2_5_2.153,57330,4483,99552,19033,2666,101,7335,4054,14170,0.998023993649948,0.849894141954909,0.854198409175435,FALSE,2,5,2,NO,YES,2_5_2,2,2,NA,H1975_H2228_HCC827.2_5_2.153,0,H2228,H2228
H1975_H2228_HCC827.3_3_3.154,52260,3910,51440,16317,1909,94,5959,2715,8012,0.997129304796394,0.843859210129981,0.850223601817771,FALSE,3,3,3,NO,YES,3_3_3,3,3,3,H1975_H2228_HCC827.3_3_3.154,0,H2228,H2228
H1975_H2228_HCC827.3_3_3.160,100965,8619,162061,42670,4635,38,17105,5504,25106,0.999522026209065,0.848562096371958,0.855452539053398,FALSE,3,3,3,NO,YES,3_3_3,3,3,3,H1975_H2228_HCC827.3_3_3.160,0,H2228,H2228
H1975_H2228_HCC827.3_3_3.161,100907,9360,149346,45766,5113,87,9215,5460,23340,0.998928877035592,0.856726649161642,0.849099893273396,FALSE,3,3,3,NO,YES,3_3_3,3,3,3,H1975_H2228_HCC827.3_3_3.161,0,H2228,H2228
H1975_H2228_HCC827.3_3_3.162,54024,4924,81123,20486,2313,43,6850,4175,14467,0.999170525334091,0.840533627676413,0.847237957255853,FALSE,3,3,3,NO,YES,3_3_3,3,3,3,H1975_H2228_HCC827.3_3_3.162,0,H2228,H2228
H1975_H2228_HCC827.3_3_3.163,177786,17515,250881,96144,7137,77,35266,6558,33766,0.999466919090367,0.843600070827578,0.859888390721912,FALSE,3,3,3,NO,YES,3_3_3,3,3,3,H1975_H2228_HCC827.3_3_3.163,0,H2228,H2228
H1975_H2228_HCC827.3_3_3.164,57034,5793,78777,37302,2486,83,6443,3678,12249,0.99861213078732,0.854600374843171,0.865376058963133,FALSE,3,3,3,NO,YES,3_3_3,3,3,3,H1975_H2228_HCC827.3_3_3.164,0,H2228,H2228
H1975_H2228_HCC827.3_3_3.165,35181,3230,53161,15776,1650,66,5875,2718,7753,0.998323228429868,0.847413903202097,0.858634259468258,FALSE,3,3,3,NO,YES,3_3_3,3,3,3,H1975_H2228_HCC827.3_3_3.165,0,H2228,H2228
H1975_H2228_HCC827.3_3_3.166,53183,4189,71128,15284,2407,81,9329,6516,25979,0.998768235498376,0.81019284775773,0.887986108785516,FALSE,3,3,3,NO,YES,3_3_3,3,3,3,H1975_H2228_HCC827.3_3_3.166,0,H2228,H2228
H1975_H2228_HCC827.3_3_3.167,52637,4531,86274,16035,3154,35,10199,3503,11815,0.999492170123155,0.849936520651768,0.854167707009981,FALSE,3,3,3,NO,YES,3_3_3,3,3,3,H1975_H2228_HCC827.3_3_3.167,0,H2228,H2228
H1975_H2228_HCC827.3_3_3.168,41950,3476,60917,17439,2158,58,6096,3970,13033,0.998695618047498,0.816082252116871,0.863576410974901,FALSE,3,3,3,NO,YES,3_3_3,3,3,3,H1975_H2228_HCC827.3_3_3.168,0,H2228,H2228
H1975_H2228_HCC827.3_3_3.169,49909,4084,80536,24657,3183,89,7080,3604,11983,0.998998580489862,0.845531168450696,0.853959063707699,FALSE,3,3,3,NO,YES,3_3_3,3,3,3,H1975_H2228_HCC827.3_3_3.169,0,H2228,H2228
H1975_H2228_HCC827.3_3_3.170,76205,8189,112737,37971,2874,110,14776,4267,15931,0.998179649112937,0.844768061738266,0.852425552428879,FALSE,3,3,3,NO,YES,3_3_3,3,3,3,H1975_H2228_HCC827.3_3_3.170,0,H2228,H2228
H1975_H2228_HCC827.3_3_3.171,51399,3952,81873,18629,2399,113,10269,3348,11447,0.998252816459987,0.837424652015878,0.855332527882827,FALSE,3,3,3,NO,YES,3_3_3,3,3,3,H1975_H2228_HCC827.3_3_3.171,0,H2228,H2228
H1975_H2228_HCC827.3_3_3.172,66754,6776,103908,32619,3068,23,9356,4230,15005,0.999400199267311,0.853715427621649,0.863111720685291,FALSE,3,3,3,NO,YES,3_3_3,3,3,3,H1975_H2228_HCC827.3_3_3.172,0,H2228,H2228
H1975_H2228_HCC827.3_3_3.173,70849,6735,111584,28410,3763,104,13001,4335,15869,0.998298568909006,0.836725691072704,0.864011050468807,FALSE,3,3,3,NO,YES,3_3_3,3,3,3,H1975_H2228_HCC827.3_3_3.173,0,H2228,H2228
H1975_H2228_HCC827.3_3_3.179,80419,7755,127212,37641,3337,42,6182,4690,18227,0.999177044494883,0.860097656849675,0.843747822599538,FALSE,3,3,3,NO,YES,3_3_3,3,3,3,H1975_H2228_HCC827.3_3_3.179,0,H2228,H2228
H1975_H2228_HCC827.5_2_2.180,51040,4095,72634,20182,1928,86,15967,3126,10134,0.99861851095459,0.822182750323483,0.867376290333244,FALSE,5,2,2,NO,YES,5_2_2,4,NA,2,H1975_H2228_HCC827.5_2_2.180,1,H1975,H1975
H1975_H2228_HCC827.5_2_2.181,62341,5504,97567,28326,3297,127,10954,4453,16324,0.999142366454826,0.848505267796799,0.852486613277007,FALSE,5,2,2,NO,YES,5_2_2,4,NA,2,H1975_H2228_HCC827.5_2_2.181,1,H1975,H1975
H1975_H2228_HCC827.5_2_2.182,86749,9635,127248,44880,3632,173,17423,4566,17299,0.999075090468192,0.84629169267224,0.876061693703859,FALSE,5,2,2,NO,YES,5_2_2,4,NA,2,H1975_H2228_HCC827.5_2_2.182,1,H1975,H1975
H1975_H2228_HCC827.5_2_2.190,16440,1209,24739,6004,1195,20,2971,1647,3946,0.997972627982837,0.844399389649267,0.840595943750776,FALSE,5,2,2,NO,YES,5_2_2,4,NA,2,H1975_H2228_HCC827.5_2_2.190,1,H1975,H1975
H1975_H2228_HCC827.5_2_2.196,33201,2611,51904,15418,1565,132,5757,2603,7391,0.997970503317588,0.845352454545593,0.857122368931986,FALSE,5,2,2,NO,YES,5_2_2,4,NA,2,H1975_H2228_HCC827.5_2_2.196,1,H1975,H1975
H1975_H2228_HCC827.5_2_2.197,59253,5311,100816,22428,3174,6,6784,4676,17292,0.999768678579824,0.848080036520888,0.847327754263385,FALSE,5,2,2,NO,YES,5_2_2,4,NA,2,H1975_H2228_HCC827.5_2_2.197,1,H1975,H1975
H1975_H2228_HCC827.5_2_2.198,49665,5142,58400,24011,1665,85,8520,3170,9536,0.998741609690917,0.834626676977111,0.859793561458094,FALSE,5,2,2,NO,YES,5_2_2,4,NA,2,H1975_H2228_HCC827.5_2_2.198,1,H1975,H1975
H1975_H2228_HCC827.5_2_2.199,57811,4877,104283,22121,3623,102,5359,4182,15084,0.998475204853835,0.864160699506656,0.853884345078,FALSE,5,2,2,NO,YES,5_2_2,4,NA,2,H1975_H2228_HCC827.5_2_2.199,1,H1975,H1975
H1975_H2228_HCC827.5_2_2.200,65573,6454,74938,27426,2067,49,21439,3121,10179,0.998329893900845,0.786226544074834,0.883582981056114,FALSE,5,2,2,NO,YES,5_2_2,4,NA,2,H1975_H2228_HCC827.5_2_2.200,1,H1975,H1975
H1975_H2228_HCC827.5_2_2.201,31842,3971,38697,19561,811,55,10825,2024,5385,0.996843080785807,0.790714947463853,0.871678975526508,FALSE,5,2,2,NO,YES,5_2_2,4,NA,2,H1975_H2228_HCC827.5_2_2.201,1,H1975,H1975
H1975_H2228_HCC827.5_2_2.202,52539,4088,87146,19178,2149,53,7765,3605,12202,0.999016553844438,0.851745614774836,0.86477555746963,FALSE,5,2,2,NO,YES,5_2_2,4,NA,2,H1975_H2228_HCC827.5_2_2.202,1,H1975,H1975
H1975_H2228_HCC827.5_2_2.208,23207,1902,29761,11593,829,28,6611,1771,4422,0.998643145638528,0.81207598188133,0.87154936329859,FALSE,5,2,2,NO,YES,5_2_2,4,NA,2,H1975_H2228_HCC827.5_2_2.208,1,H1975,H1975
H1975_H2228_HCC827.5_2_2.209,38173,3290,51616,15946,1495,44,7429,2640,7704,0.998442366305241,0.832684318753006,0.846312504786468,FALSE,5,2,2,NO,YES,5_2_2,4,NA,2,H1975_H2228_HCC827.5_2_2.209,1,H1975,H1975
H1975_H2228_HCC827.5_2_2.210,117280,9329,190525,42572,4785,113,61752,4982,21961,0.99877054733447,0.800464459359563,0.886935528010779,FALSE,5,2,2,NO,YES,5_2_2,4,NA,2,H1975_H2228_HCC827.5_2_2.210,1,H1975,H1975
H1975_H2228_HCC827.5_2_2.211,65679,4982,112352,25534,3629,195,20545,4100,15256,0.997968011931065,0.830427372292588,0.851992100162493,FALSE,5,2,2,NO,YES,5_2_2,4,NA,2,H1975_H2228_HCC827.5_2_2.211,1,H1975,H1975
H1975_H2228_HCC827.5_2_2.212,149920,15153,214650,55051,6982,124,35300,6240,29092,0.999415646569704,0.834009349362708,0.867145308969714,FALSE,5,2,2,NO,YES,5_2_2,4,NA,2,H1975_H2228_HCC827.5_2_2.212,1,H1975,H1975
H1975_H2228_HCC827.5_2_2.213,47317,4421,67455,20089,2148,91,9413,2948,9280,0.998599136854958,0.840517240473581,0.8423482302282,FALSE,5,2,2,NO,YES,5_2_2,4,NA,2,H1975_H2228_HCC827.5_2_2.213,1,H1975,H1975
H1975_H2228_HCC827.7_1_1.218,58991,5220,89975,23162,2541,55,17903,3595,12299,0.998455158144194,0.822099357002928,0.855272091005699,FALSE,7,1,1,NO,YES,7_1_1,5,NA,1,H1975_H2228_HCC827.7_1_1.218,1,H1975,H1975
H1975_H2228_HCC827.7_1_1.219,34584,3027,56014,11960,1793,81,6809,2700,7992,0.998623622374095,0.830330329291379,0.849598536538368,FALSE,7,1,1,NO,YES,7_1_1,5,NA,1,H1975_H2228_HCC827.7_1_1.219,1,H1975,H1975
H1975_H2228_HCC827.7_1_1.220,104937,10431,173489,38155,6200,116,18545,5728,25795,0.998914517930252,0.842023647667368,0.853227038873022,FALSE,7,1,1,NO,YES,7_1_1,5,NA,1,H1975_H2228_HCC827.7_1_1.220,1,H1975,H1975
H1975_H2228_HCC827.7_1_1.221,115945,10368,189234,46760,5850,127,18912,5874,26480,0.998640483006556,0.84595921418204,0.855928679785242,FALSE,7,1,1,NO,YES,7_1_1,5,NA,1,H1975_H2228_HCC827.7_1_1.221,1,H1975,H1975
H1975_H2228_HCC827.7_1_1.222,39231,2972,54243,15823,1594,21,9873,2465,7235,0.99917069661483,0.81824464296027,0.867586914185329,FALSE,7,1,1,NO,YES,7_1_1,5,NA,1,H1975_H2228_HCC827.7_1_1.222,1,H1975,H1975
H1975_H2228_HCC827.7_1_1.223,108748,9817,183424,38870,6115,231,9834,5535,24018,0.998667665501429,0.868806727925386,0.865725345272152,FALSE,7,1,1,NO,YES,7_1_1,5,NA,1,H1975_H2228_HCC827.7_1_1.223,1,H1975,H1975
H1975_H2228_HCC827.7_1_1.225,54387,4417,86014,26082,2672,99,6016,3857,12882,0.998602700668683,0.848625989094375,0.853282989222955,FALSE,7,1,1,NO,YES,7_1_1,5,NA,1,H1975_H2228_HCC827.7_1_1.225,1,H1975,H1975
H1975_H2228_HCC827.7_1_1.230,39421,3727,60313,17561,1998,64,5353,3403,11048,0.998823315533288,0.836984068757256,0.852732754586573,FALSE,7,1,1,NO,YES,7_1_1,5,NA,1,H1975_H2228_HCC827.7_1_1.230,1,H1975,H1975
H1975_H2228_HCC827.7_1_1.231,28261,2564,42908,12619,1471,20,7340,2298,6379,0.998432354603492,0.819564193730108,0.85561866182997,FALSE,7,1,1,NO,YES,7_1_1,5,NA,1,H1975_H2228_HCC827.7_1_1.231,1,H1975,H1975
H1975_H2228_HCC827.7_1_1.232,85035,6756,126936,33375,3917,111,19080,6251,25941,0.998882078177833,0.819513511113869,0.875717637825204,FALSE,7,1,1,NO,YES,7_1_1,5,NA,1,H1975_H2228_HCC827.7_1_1.232,1,H1975,H1975
H1975_H2228_HCC827.7_1_1.233,83137,9355,112819,31259,3915,84,18114,4265,15160,0.998614775066877,0.835290236916035,0.875329237909474,FALSE,7,1,1,NO,YES,7_1_1,5,NA,1,H1975_H2228_HCC827.7_1_1.233,1,H1975,H1975
H1975_H2228_HCC827.7_1_1.234,76578,5647,80002,16416,2522,191,7852,3500,11337,0.99717738290802,0.842639145415331,0.857192504902086,FALSE,7,1,1,NO,YES,7_1_1,5,NA,1,H1975_H2228_HCC827.7_1_1.234,1,H1975,H1975
H1975_H2228_HCC827.7_1_1.235,53058,5016,88549,16605,3055,114,7636,3871,13178,0.998406434209739,0.848535437207061,0.847320650082979,FALSE,7,1,1,NO,YES,7_1_1,5,NA,1,H1975_H2228_HCC827.7_1_1.235,1,H1975,H1975
H1975_H2228_HCC827.9_0_0.236,59171,6649,77170,25660,2673,143,12203,3446,10796,0.997962207300887,0.842626898070927,0.858835810637448,FALSE,9,0,0,NO,YES,9_0_0,6,NA,0,H1975_H2228_HCC827.9_0_0.236,1,H1975,H1975
H1975_H2228_HCC827.9_0_0.244,38736,3736,60677,18180,1963,127,9586,3065,9062,0.997351576917511,0.838446258178717,0.854004795845513,FALSE,9,0,0,NO,YES,9_0_0,6,NA,0,H1975_H2228_HCC827.9_0_0.244,1,H1975,H1975
H1975_H2228_HCC827.7_1_1.247,45763,3558,75272,18455,2908,116,8528,3362,11066,0.998102294417041,0.835170792666573,0.842037916105263,FALSE,7,1,1,NO,YES,7_1_1,5,NA,1,H1975_H2228_HCC827.7_1_1.247,1,H1975,H1975
H1975_H2228_HCC827.7_1_1.248,52702,5241,95151,20173,3348,38,5345,4321,15316,0.999542960956162,0.849634368732284,0.853747157386291,FALSE,7,1,1,NO,YES,7_1_1,5,NA,1,H1975_H2228_HCC827.7_1_1.248,1,H1975,H1975
H1975_H2228_HCC827.7_1_1.249,70008,6565,120756,28623,4150,185,16245,4403,16649,0.998438344045625,0.84809898441462,0.855666493082772,FALSE,7,1,1,NO,YES,7_1_1,5,NA,1,H1975_H2228_HCC827.7_1_1.249,1,H1975,H1975
H1975_H2228_HCC827.9_0_0.250,147269,13478,255483,60723,7717,123,24340,6772,34547,0.999710538975972,0.848814658045904,0.864416341674721,FALSE,9,0,0,NO,YES,9_0_0,6,NA,0,H1975_H2228_HCC827.9_0_0.250,1,H1975,H1975
H1975_H2228_HCC827.9_0_0.251,80337,6405,143899,33242,5077,131,14944,4829,19480,0.998716631930844,0.849794660754726,0.853438986940972,FALSE,9,0,0,NO,YES,9_0_0,6,NA,0,H1975_H2228_HCC827.9_0_0.251,1,H1975,H1975
H1975_H2228_HCC827.9_0_0.252,192910,13275,138444,47894,5043,122,9028,5407,21319,0.998733523618025,0.854589802122712,0.852994580892828,FALSE,9,0,0,NO,YES,9_0_0,6,NA,0,H1975_H2228_HCC827.9_0_0.252,1,H1975,H1975
H1975_H2228_HCC827.9_0_0.253,97395,8395,163486,39900,5481,157,19086,5344,22831,0.998904997153473,0.842845253890392,0.853225503383337,FALSE,9,0,0,NO,YES,9_0_0,6,NA,0,H1975_H2228_HCC827.9_0_0.253,1,H1975,H1975
H1975_H2228_HCC827.9_0_0.257,29181,2325,43176,13197,1274,87,5746,2378,6712,0.998957090287609,0.827324194238194,0.847138189603412,FALSE,9,0,0,NO,YES,9_0_0,6,NA,0,H1975_H2228_HCC827.9_0_0.257,1,H1975,H1975
H1975_H2228_HCC827.9_0_0.258,36362,3495,57738,12476,1628,80,13159,2573,7966,0.997489328398833,0.796635700732318,0.845718245395123,FALSE,9,0,0,NO,YES,9_0_0,6,NA,0,H1975_H2228_HCC827.9_0_0.258,1,H1975,H1975
H1975_H2228_HCC827.9_0_0.259,37456,3488,59788,15660,2601,132,7243,3355,9876,0.998177398746276,0.825131631404281,0.870391990287576,FALSE,9,0,0,NO,YES,9_0_0,6,NA,0,H1975_H2228_HCC827.9_0_0.259,1,H1975,H1975
H1975_H2228_HCC827.9_0_0.260,34262,3149,53265,15045,2157,130,5272,2785,8157,0.998038493321027,0.848105920254866,0.844427063347967,FALSE,9,0,0,NO,YES,9_0_0,6,NA,0,H1975_H2228_HCC827.9_0_0.260,1,H1975,H1975
H1975_H2228_HCC827.9_0_0.261,29273,2835,41605,13194,1272,65,5888,2499,6844,0.997077730863417,0.8283167726062,0.851255331304308,FALSE,9,0,0,NO,YES,9_0_0,6,NA,0,H1975_H2228_HCC827.9_0_0.261,1,H1975,H1975
H1975_H2228_HCC827.9_0_0.262,59293,4154,101234,26521,4107,76,12150,3892,13837,0.998988219267913,0.841873237810311,0.84555839737053,FALSE,9,0,0,NO,YES,9_0_0,6,NA,0,H1975_H2228_HCC827.9_0_0.262,1,H1975,H1975
H1975_H2228_HCC827.9_0_0.263,34050,2958,40033,11285,1471,96,6874,2517,6845,0.997954710010293,0.811541269815133,0.869976815227443,FALSE,9,0,0,NO,YES,9_0_0,6,NA,0,H1975_H2228_HCC827.9_0_0.263,1,H1975,H1975
H1975_H2228_HCC827.9_0_0.264,54280,3942,100118,17322,3682,96,11824,4030,15085,0.999005634074242,0.834073582476584,0.862777021692395,FALSE,9,0,0,NO,YES,9_0_0,6,NA,0,H1975_H2228_HCC827.9_0_0.264,1,H1975,H1975
H1975_H2228_HCC827.9_0_0.265,36640,2984,48629,14259,1457,47,3386,3487,10092,0.998513673207973,0.839080458938684,0.855231019390587,FALSE,9,0,0,NO,YES,9_0_0,6,NA,0,H1975_H2228_HCC827.9_0_0.265,1,H1975,H1975
H1975_H2228_HCC827.9_0_0.266,52149,4969,85273,22714,2944,73,9091,3681,12364,0.998463279684193,0.836541571630102,0.842283369230533,FALSE,9,0,0,NO,YES,9_0_0,6,NA,0,H1975_H2228_HCC827.9_0_0.266,1,H1975,H1975
H1975_H2228_HCC827.9_0_0.267,87321,7299,130917,35650,5012,51,21253,4740,18990,0.99947340653003,0.826013690981562,0.845707822165444,FALSE,9,0,0,NO,YES,9_0_0,6,NA,0,H1975_H2228_HCC827.9_0_0.267,1,H1975,H1975
H1975_H2228_HCC827.9_0_0.268,61968,5252,106127,20537,4324,129,7751,4267,15636,0.998848809798639,0.842542849294869,0.847147066291209,FALSE,9,0,0,NO,YES,9_0_0,6,NA,0,H1975_H2228_HCC827.9_0_0.268,1,H1975,H1975
H1975_H2228_HCC827.9_0_0.269,64138,5077,111164,21590,4348,16,11326,4441,16627,0.999639140554737,0.84056053356555,0.838635449187798,FALSE,9,0,0,NO,YES,9_0_0,6,NA,0,H1975_H2228_HCC827.9_0_0.269,1,H1975,H1975
